"mrt","區","流量","房價中位數","緯度","經度","平均人口","15-64","age.ratio","工業區","商業區","住宅區"
"板橋","板橋區",2482.755769,497656.5,25.0145999,121.4625299,54132,39255,0.725171802261139,"0","0","1"
"北門","大同區",264.1108974,523934.4,25.0490258,121.5099912,13419,9294,0.692600044712721,"0","1","1"
"北投","北投區",1424.440385,505520.4,25.1313054,121.4991801,14875,10956,0.73653781512605,"0","1","1"
"菜寮","三重區",939.8576923,387080.1,25.060274,121.492156,44250,33736,0.762395480225989,"0","0","1"
"大安","大安區",705.9923077,899715.3,25.0332255,121.5439082,15462,10145,0.65612469279524,"0","1","1"
"大安森林公園","大安區",293.5461538,944402.25,25.0334788,121.535352,15185,9778,0.643924925913731,"0","0","1"
"大湖公園","內湖區",323.0371795,512801.85,25.083009,121.605262,17417,13090,0.751564563357639,"0","0","1"
"大坪林","新店區",1301.460256,483129.9,24.9827862,121.5410329,35501,26772,0.754119602264725,"0","0","1"
"大橋頭","大同區",752.3839744,493166.85,25.0632553,121.5127182,24064,17058,0.708859707446808,"0","0","1"
"大直","中山區",478.7641026,689346.9,25.079476,121.546894,18723,12939,0.691075148213427,"0","0","1"
"丹鳳","新莊區",1043.671154,260084.55,25.0290509,121.422421,47069,37380,0.794153264356583,"1","0","1"
"淡水","淡水區",2597.983333,235210.8,25.167817,121.44556,23785,17720,0.745007357578306,"0","0","1"
"頂埔","土城區",644.1173077,229607.4,24.959332,121.4198624,12981,9929,0.764887142747092,"1","0","0"
"頂溪","永和區",3386.564744,451786.5,25.014218,121.5153677,62808,45425,0.723235893516749,"0","0","1"
"東湖","內湖區",815.2435897,472160.7,25.0671258,121.6117183,38457,28484,0.740671399225109,"0","0","1"
"東門","大安區",726.6980769,930454.8,25.0340535,121.5289343,25158,16287,0.647388504650608,"0","0","1"
"動物園","文山區",310.875641,442346.85,24.998259,121.57943,4107,2935,0.71463355247139,"0","0","1"
"府中","板橋區",2462.988462,416978.1,25.0083954,121.4589482,52536,38180,0.726739759403076,"0","0","1"
"輔大","新莊區",577.3076923,260762.7,25.0328241,121.4361096,16592,12596,0.759161041465767,"1","0","1"
"復興崗","北投區",342.2173077,341018.7,25.138198,121.491851,16968,12114,0.713932107496464,"0","0","1"
"港墘","內湖區",581.4153846,532735.5,25.080038,121.575102,25352,18485,0.729133796150205,"1","0","1"
"公館","中正區",920.5961538,868286.1,25.011943,121.537818,8393,5810,0.692243536280233,"0","1","0"
"古亭","中正區",1390.725,750651,25.0261342,121.522922,48812,33286,0.681922478079161,"0","1","1"
"關渡","北投區",659.3089744,376130.7,25.124923,121.465515,10787,7995,0.741169926763697,"1","0","1"
"國父紀念館","信義區",550.5608974,860204.4,25.039012,121.557739,14155,9349,0.660473330978453,"0","0","1"
"海山","土城區",2165.990385,325950.9,24.9854279,121.4486084,60138,47703,0.793225581163324,"1","0","1"
"紅樹林","淡水區",661.3801282,264501.6,25.154042,121.458871,4881,3725,0.763163286211842,"0","0","1"
"後山埤","南港區",1166.911538,589102.8,25.045054,121.582522,29659,21425,0.722377693111703,"0","0","1"
"葫洲","內湖區",703.2839744,562336.5,25.0727158,121.6071548,30224,21820,0.721942826892536,"0","0","1"
"迴龍","新莊區",1042.099359,295310.4,25.02254,121.412734,31631,24074,0.761088805285954,"1","0","1"
"劍南路","中山區",395.4307692,734098.2,25.084853,121.555592,14122,10122,0.716754000849738,"0","1","1"
"劍潭","士林區",1343.041667,609915.9,25.084873,121.525077,29466,20990,0.712346433177221,"0","0","1"
"江子翠","板橋區",2438.994231,450733.8,25.033971,121.473281,34165,25836,0.756212498170643,"0","0","1"
"景安","中和區",2677.851923,398884.2,24.9937115,121.5046146,66139,49660,0.750842921725457,"0","0","1"
"景美","文山區",1098.964103,488944.5,24.993524,121.540817,33960,23586,0.69452296819788,"0","1","1"
"科技大樓","大安區",758.5557692,779684.4,25.026124,121.543437,37420,24797,0.662667022982362,"0","0","1"
"昆陽","南港區",771.7076923,487083.3,25.0501585,121.593423,20977,15222,0.725651904466797,"1","0","1"
"麟光","大安區",426.9352564,589873.35,25.015464,121.561065,21658,15696,0.724720657493767,"0","0","1"
"六張犁","大安區",837.3358974,682235.4,25.023698,121.55162,32284,22827,0.707068516912402,"0","0","1"
"龍山寺","萬華區",1921.208974,407612.7,25.035279,121.499826,50196,35723,0.71167025260977,"0","1","1"
"蘆洲","蘆洲區",1558.180769,345764.1,25.091553,121.464471,49279,37451,0.759978895675643,"1","0","1"
"民權西路","大同區",890.8961538,604340.55,25.0628786,121.519346,7629,5416,0.709922663520776,"1","1","0"
"明德","北投區",953.5423077,561396,25.10972,121.518848,29008,20659,0.712182846111418,"0","0","1"
"木柵","文山區",327.2435897,452073.6,24.99824,121.573145,10426,7593,0.728275465183196,"0","0","1"
"南港","南港區",847.4692308,603626.1,25.052056,121.606569,16421,11956,0.728092077218196,"1","1","0"
"南港軟體園區","南港區",109.7929487,642960.45,25.0599419,121.6159291,4947,3629,0.73357590458864,"1","1","1"
"南港展覽館","南港區",2081.176282,500623.2,25.0553846,121.6182655,9373,6873,0.733276432305559,"0","1","1"
"南京復興","中山區",854.0583333,714897.15,25.0520954,121.5443516,18673,12757,0.683178921437369,"0","1","1"
"南京三民","松山區",785.2711538,696712.5,25.051462,121.560447,62783,43148,0.68725610435946,"0","0","1"
"南勢角","中和區",2370.614103,394973.7,24.9899178,121.5088501,68471,51166,0.747265265586891,"0","0","1"
"內湖","內湖區",748.8435897,575549.7,25.064786,121.585319,11821,8937,0.756027408848659,"1","1","1"
"七張","新店區",1289.827564,425769.3,24.9749794,121.5431015,32445,23748,0.731946370781322,"0","0","1"
"奇岩","北投區",749.3897436,471817.5,25.126112,121.5010071,9012,6694,0.742787394584998,"1","0","1"
"唭哩岸","北投區",703.4435897,491323.8,25.120872,121.506252,23549,16469,0.69935029088284,"0","0","1"
"三和國中","三重區",1372.447436,342596.1,25.07542,121.488685,67625,50910,0.752828096118299,"0","0","1"
"三民高中","蘆洲區",1375.540385,314001.6,25.085457,121.473389,58670,45606,0.777330833475371,"0","0","1"
"三重","三重區",441.5653846,382260.45,25.055791,121.484725,43424,32898,0.757599484156227,"1","0","1"
"三重國小","三重區",1280.859615,392982.15,25.06945,121.498291,54693,41073,0.750973616367725,"0","0","1"
"善導寺","中正區",412.2858974,777714.3,25.0441055,121.524231,8815,6044,0.685649461145774,"0","1","1"
"石牌","北投區",1787.582692,556007.1,25.114523,121.515559,39190,26946,0.687573360551161,"0","0","1"
"士林","士林區",1238.365385,675800.4,25.093535,121.526229,19670,13760,0.69954245043213,"0","1","1"
"市政府","信義區",1205.770513,855751.05,25.041146,121.565963,13914,9611,0.690743136409372,"1","1","1"
"雙連","大同區",632.15,619188.9,25.0579015,121.5206032,15468,10870,0.702741143004913,"0","1","1"
"松江南京","中山區",583.5653846,719687.1,25.0512257,121.5327387,17808,12576,0.706199460916442,"0","1","1"
"松山","松山區",1221.586538,679796.7,25.0498846,121.5775295,29558,21848,0.73915691183436,"1","1","1"
"松山機場","松山區",218.5621795,692595.75,25.063021,121.5517715,13794,9144,0.662896911700739,"0","0","1"
"台北101.世貿","信義區",503.4942308,778001.4,25.0330575,121.5631862,17718,12313,0.694942995823456,"0","1","1"
"台北車站","中正區",5649.064744,639538.35,25.0477505,121.5170599,3798,2641,0.69536598209584,"0","1","0"
"台北橋","三重區",783.4384615,384067.2,25.063059,121.499916,24996,18933,0.757441190590495,"0","0","1"
"台北小巨蛋","松山區",434.0128205,703007.25,25.0514463,121.5507862,22073,14356,0.650387351062384,"0","0","1"
"台大醫院","中正區",352.3448718,783208.8,25.041471,121.518577,2711,1809,0.6672814459609,"0","1","0"
"台電大樓","中正區",819.6641026,830459.85,25.017557,121.531394,24874,16629,0.668529388116105,"0","0","1"
"頭前庄","新莊區",423.2615385,321337.5,25.039705,121.461746,23876,17969,0.752596749874351,"1","0","1"
"土城","土城區",691.7929487,302194.2,24.9732244,121.4441573,21451,16724,0.779637312945783,"0","1","1"
"萬芳社區","文山區",282.4429487,373617.75,25.00225,121.569992,7466,5519,0.739217787302438,"0","0","1"
"萬芳醫院","文山區",1115.751282,454591.5,24.9993886,121.5582008,23175,16984,0.732858683926645,"0","0","1"
"萬隆","文山區",905.9544872,528447.15,24.999282,121.540237,41231,28901,0.700953166306905,"0","0","1"
"文德","內湖區",387.7634615,544107.3,25.0785484,121.5855236,46308,34642,0.748078085859895,"0","0","1"
"西湖","內湖區",397.9314103,509859.9,25.082133,121.567213,17296,12941,0.748207678075856,"1","0","1"
"西門","中正區",2204.082692,526988.55,25.0421203,121.5076592,17634,12372,0.701599183395713,"0","1","0"
"先嗇宮","三重區",197.2679487,256726.8,25.046493,121.471916,7850,5993,0.76343949044586,"1","1","0"
"象山","信義區",586.8891026,950040.3,25.032939,121.5688409,17156,11754,0.685124737701096,"0","1","1"
"小碧潭","新店區",181.2762821,474157.2,24.972008,121.530487,25263,18267,0.723073269207933,"0","0","1"
"小南門","中正區",255.5314103,712869.3,25.035534,121.51088,18787,12479,0.664235907808591,"0","0","1"
"辛亥","文山區",360.6096154,417695.85,25.005475,121.557107,14392,10582,0.735269594219011,"0","0","1"
"新北投","北投區",227.8160256,402939.9,25.1369429,121.5026492,28881,21054,0.728991378414875,"0","0","1"
"新埔","板橋區",3858.560897,533829.45,25.0241811,121.4682288,97041,71502,0.736822580146536,"0","0","1"
"新店","新店區",1084.939744,472629.3,24.95894,121.538581,15025,10995,0.731780366056572,"0","0","1"
"新店區公所","新店區",1082.596795,367907.1,24.9673862,121.5410004,15953,11468,0.718861656114837,"0","0","1"
"新莊","新莊區",1066.825,399366,25.036125,121.452468,50282,37071,0.737261843204328,"0","0","1"
"信義安和","大安區",595.8378205,887497.05,25.033116,121.552798,28482,19218,0.674741942279334,"0","1","1"
"行天宮","中山區",771.2685897,626660.1,25.059717,121.533184,32231,22964,0.712481772206882,"0","1","1"
"徐匯中學","蘆洲區",1235.426923,343751.1,25.079547,121.481262,61850,47382,0.76607922392886,"0","0","1"
"亞東醫院","板橋區",1970.785256,401177.7,24.998037,121.452514,49399,37056,0.750136642442155,"1","0","1"
"永安市場","中和區",2655.147436,435278.25,25.003881,121.51332,92076,66619,0.723521873235154,"0","0","1"
"永春","信義區",1154.242949,678034.5,25.0407066,121.5765839,43919,30782,0.700881167603998,"0","0","1"
"永寧","土城區",983.5070513,258033.6,24.9668026,121.4363174,4906,3790,0.772523440684876,"1","0","1"
"圓山","大同區",1489.153846,544671.6,25.071353,121.520118,25546,18158,0.710796210757066,"0","1","1"
"芝山","士林區",1538.221154,680559,25.1030598,121.5225139,32564,23021,0.706946321090775,"0","0","1"
"中山","中山區",691.0288462,612103.8,25.0529046,121.5203406,15850,11065,0.698107255520505,"0","1","0"
"中山國小","三重區",725.8307692,549766.8,25.062693,121.526418,20739,15102,0.728193259077101,"0","1","1"
"中山國中","中山區",838.2544872,661673.1,25.060848,121.544226,34458,24409,0.708369609379535,"0","1","1"
"中正紀念堂","中正區",821.350641,799748.4,25.032729,121.51827,23590,15318,0.649342941924544,"0","0","1"
"忠孝敦化","大安區",570.9378205,882057,25.0416218,121.5516552,19525,12693,0.650089628681178,"0","0","1"
"忠孝復興","大安區",808.7615385,829517.7,25.041629,121.543767,17379,11595,0.667184533057138,"0","1","1"
"忠孝新生","大安區",734.9198718,806153.7,25.0424433,121.5332498,10008,6716,0.671063149480416,"0","0","1"
"忠義","北投區",156.4942308,290946.15,25.131058,121.473226,5962,4432,0.743374706474337,"0","0","1"
"竹圍","淡水區",814.1198718,308000.55,25.136558,121.46009,15628,12074,0.772587663168672,"0","0","1"
